event_id	huESC_fj074	huESC_fj095	huESC_fj096	hEBw1_fj101	hEBw1_fj102	hEBw2_fj103	hEBw2_fj104	hEBw3_fj105	hEBw3_fj106	hEBw4_fj107	hEBw4_fj108	hEBw5_fj193	hEBw5_fj194	hEBw6_fj109	hEBw6_fj110	hEBw7_fj111	hEBw7_fj112	position
AF.0042232	0	0.2105	0.1508	0.6207	0.4231	0.8438	0.7963	0.6429	0.7609	0.3396	0.4308	0.4103	0.3056	0.1122	0.0909	0.0698	0.0842	chrX:139726175-139738069
A5.0004466	0	0.0408	0	0.0357	0.0317	0.1628	0.1714	0.2632	0.3175	0.4203	0.4956	0.5385	0.3882	0.5294	0.5079	0.4407	0.5878	chr4:122334343-122336353
AL.0008031	0	0	0	0.006	0.0125	0	0.0094	0.035	0.0703	0.0866	0.0983	0.1389	0.25	0.2184	0.1746	0.2923	0.2733	chr1:154171412-154172978
RI.0003237	0.931	0.8193	0.9167	0.75	0.8636	0	0.1538	0.8077	0.8333	0.8387	0.8788	0.59	0.8776	0.5082	0.541	0.6667	0.4521	chr14:75278841-75280128
SE.0012989	0.9556	0.9189	1	0.931	0.8947	0.7059	0.75	0.7632	0.7826	0.7419	0.7031	0.4444	0.5263	0.76	0.8571	0.7857	0.7333	chr1:153642245-153645470
RI.0005823	1	0.7471	0.6429	0.9333	0.9429	0.9242	0.9024	0.7903	0.8511	0.7077	0.7471	0.3778	0.6222	0.5116	0.5	0.4375	0.5965	chr1:81952986-81956060
A3.0000353	0	0.1635	0.1678	0.4225	0.4087	0.5164	0.5611	0.5502	0.6	0.5773	0.6368	0.6741	0.587	0.7284	0.7448	0.7463	0.7138	chr6:163563419-163566795
SE.0013074	0	0	0	0.0385	0	0.2667	0.1111	0.2069	0.303	0.2619	0.2727	0.1915	0.3953	0.5161	0.3846	0.2727	0.5682	chr20:20591176-20601846
SE.0034682	NA	0.5	0	0	0.1	0.0833	0.1765	0.16	0.48	0.6452	0.6154	0.6667	0.48	0.7059	0.7273	0.5	0.5625	chr14:50628030-50635259
AF.0031778	0.0526	0.6	0.6111	1	1	1	1	1	1	1	1	1	1	1	1	1	1	chr4:92297094-92590286
MX.0003304	0.0324	0.0321	0.0376	0.0833	0.0792	0.2594	0.2528	0.3146	0.2895	0.3877	0.4302	0.2987	0.342	0.3693	0.3548	0.3583	0.4015	chr15:72200473-72206880
SE.0007992	0.0052	0.0726	0.0432	0.2057	0.1745	0.2874	0.2027	0.4738	0.491	0.512	0.5289	0.4422	0.3779	0.4534	0.3438	0.4896	0.4383	chr12:56160242-56161971
A5.0002804	0	0.1282	0.125	0.4557	0.3429	0.6047	0.3485	0.4203	0.2203	0.1935	0.1386	0.2371	0.3448	0.1754	0.1633	0.2222	0.1111	chr8:143821817-143824399
SE.0032800	1	0.9429	0.9655	0.871	0.7955	0.7333	0.8043	0.6042	0.5091	0.4531	0.4138	0.3448	0.6098	0.5357	0.4545	0.5	0.4634	chr14:50754741-50760359
SE.0029598	1	1	1	0.8163	0.9545	0.7917	0.8333	0.7474	0.6628	0.5714	0.6302	0.6154	0.4194	0.5439	0.5077	0.4706	0.4686	chrX:115123944-115130199
AL.0024844	1	0.9811	0.9859	0.9318	0.94	0.7895	0.8966	0.9259	0.9444	0.7174	0.8182	0.4776	0.75	0.7097	0.8065	0.625	0.5	chr15:90935945-90936460
AF.0044407	0.6559	0.7241	0.7551	0	0.0127	0	0	0	0	0	0	0	0	0	0	0	0	chr3:185582446-185590169
A3.0007907	0.0488	0.0694	0.06	0.25	0.1839	0.3	0.1698	0.2642	0.3208	0.3443	0.4021	0.3981	0.2909	0.3108	0.44	0.3793	0.2437	chr11:57737607-57738026
AF.0023396	0.5782	0.4087	0.4615	0.675	0.7205	0.7436	0.7424	0.8293	0.875	0.65	0.8806	0.8462	0.8235	0.7368	0.7619	0.8108	0.7606	chr2:188291681-188383889
AF.0005659	0.1522	0.4528	0.461	0.573	0.6372	0.6078	0.5854	0.6625	0.7273	0.8621	0.8143	1	0.8909	0.8182	0.825	0.7692	0.8608	chr17:49811475-49815913
RI.0019519	0.1161	0.1339	0.1629	0.3312	0.3321	0.3571	0.4258	0.458	0.4894	0.4437	0.5166	0.4103	0.371	0.4414	0.3846	0.4302	0.4228	chr14:23324137-23326173
SE.0038782	0.2381	0.3704	0.5	0.4	0.4138	0.5556	0.5	0.619	0.5	0.7143	0.5854	0.84	0.8889	0.8519	0.7143	0.7143	0.6735	chr2:233272965-233274778
AF.0026075	0.7317	0.8	0.6087	0.1923	0.3	0.1429	0	0.0556	0	0	0.2	0	0.2	0	0	0.3333	0	chr5:177131621-177135200
AF.0008841	0	0	0	0.1538	0.0728	0.2059	0.2807	0.3204	0.1828	0.4138	0.35	0.3833	0.4715	0.5431	0.5	0.4697	0.4824	chr3:78938600-79125539
AF.0018758	0.3542	0.3306	0.3688	0.5882	0.678	0.8182	0.75	0.7901	0.8871	0.7746	0.8065	0.8125	0.6825	0.7045	0.6842	0.5938	0.5753	chr4:151014426-151015752
A5.0003643	0.5714	0.6212	0.5641	0.8421	0.7288	0.8182	0.82	0.8689	0.75	0.7705	0.8462	0.7586	0.78	0.8125	0.6216	0.9524	0.9028	chr10:68338502-68339226
SE.0001813	0	0	0	0.0556	0.0357	0.1154	0.0789	0.1277	0.1091	0.1833	0.2111	0.4308	0.1951	0.3137	0.2955	0.4054	0.4324	chr18:12479698-12493201
AF.0018159	0.6875	0.8182	0.85	0.9722	0.9483	0.8148	0.7857	0.7826	0.717	0.5875	0.6098	0.3667	0.4196	0.5753	0.7966	0.5849	0.5886	chr2:235494634-235709237
RI.0027933	0.0465	0.1667	0.1377	0.2736	0.28	0.4737	0.3563	0.3433	0.306	0.4079	0.3709	0.1439	0.259	0.3282	0.3861	0.4057	0.3866	chr2:55299838-55301277
AF.0043941	0.8203	0.6897	0.7164	0.2826	0.5	0.5652	0.2222	0.3651	0.3125	0.3063	0.3649	0.4528	0.3621	0.4815	0.4783	0.4524	0.5294	chr4:75661930-75724652
AF.0017062	0.8462	0.9524	1	0.9231	0.9535	0.8462	0.86	0.5915	0.6296	0.6106	0.6172	0.8351	0.7203	0.6809	0.6543	0.5686	0.741	chr8:38347496-38382306
MX.0002782	NA	NA	0	0.0556	0.0476	0.2	0.1667	0.3659	0.2456	0.4561	0.5828	0.8571	0.6333	0.6118	0.6731	0.4394	0.608	chr2:211630461-211665477
AF.0050992	0.7708	0.75	0.575	0.5238	0.7059	0.4375	0.2941	0.3824	0.4231	0.2857	0.24	0.375	0.2195	0.2571	0.4074	0.2759	0.24	chr13:37009496-37013906
AF.0048310	0.9633	0.6897	0.6486	0.8788	0.6607	0.3636	0.6296	0.5667	0.6341	0.5	0.5072	0.3077	0.4545	0.3077	0.3571	0.6316	0.7344	chr18:49491531-49492593
SE.0014027	0.1212	0.3333	0.3111	0.7551	0.6477	0.8	0.9048	0.8667	0.8125	0.8571	0.8571	1	0.7826	1	0.9091	0.9	0.95	chr15:69423158-69426182
AF.0014801	0.087	0.0484	0.0506	0.1143	0.1	0.0526	0.1064	0.125	0.0769	0.1864	0.2	0.3276	0.2308	0.2045	0.4324	0.4706	0.425	chr2:25248036-25275087
A5.0005431	0.7451	0.5248	0.51	0.3214	0.2889	0.0909	0.25	0.1957	0.2889	0.2258	0.1892	0.1163	0.3947	0.1304	0.1724	0.1951	0.2466	chrX:123961725-124022671
RI.0028778	0.0526	0.1667	0.1224	0.5517	0.4872	1	0.9286	0.6667	0.8571	0.7333	0.8462	0.9211	0.697	0.7917	0.6111	0.6316	0.8095	chr17:17180002-17180669
AF.0024838	0.4286	0.3788	0.4359	0.1579	0.2712	0.1818	0.18	0.1311	0.25	0.2295	0.1538	0.2414	0.22	0.1875	0.3784	0.0476	0.0972	chr10:68338502-68339226
SE.0036526	1	1	0.9535	0.9091	0.8485	0.6667	0.7188	0.8333	0.6061	0.5128	0.4407	0.451	0.4419	0.4667	0.5417	0.3889	0.4643	chr1:43603415-43605000
AL.0030252	1	1	1	1	0.9048	0.8571	0.8333	0.92	0.8148	0.5	0.6333	0.6538	0.6333	0.3846	0.64	0.6364	0.4651	chr9:135850321-135866536
SE.0034901	0	0.0909	0	0.2083	0.2553	0.4074	0.5	0.4651	0.4865	0.5581	0.6709	0.7297	0.5323	0.64	0.5862	0.6207	0.7273	chr6:131610045-131616002
SE.0019156	0	0.05	0	0	0.0323	0.0909	0.16	0.0952	0.2857	0.3182	0.3548	0.46	0.449	0.7143	0.2222	0.5625	0.5	chr2:96605319-96608664
AF.0006943	0.8696	1	1	0.9811	0.988	0.96	0.9434	0.8657	0.9821	0.8333	0.8471	0.8696	0.9385	0.8154	0.8049	0.6154	0.6848	chr12:50134545-50135792
AF.0023457	NA	NA	NA	0	0.6	1	0.5	0.1333	0.36	0.25	0.0877	0.1364	0.2813	0.6216	0.5714	0.75	0.619	chr3:12941570-13073435
AF.0026365	0	0	0	0.0357	0.1212	0.2353	0.1892	0.2903	0.1724	0.1333	0.2121	0.3143	0.3692	0.2885	0.5	0.2381	0.3607	chr7:70591166-70698620
AL.0032946	0.8286	0.875	0.8947	0.6333	0.6522	0.4545	0.3429	0.1212	0.25	0.1094	0.1294	0.0541	0.15	0.1136	0.1481	0.1333	0.1395	chr6:70773349-70798737
A3.0000636	0.0513	0.0145	0.0375	0	0.0513	0.2222	0.25	0.3878	0.3556	0.3667	0.5254	0.2727	0.4242	0.64	0.4857	0.5455	0.5556	chr9:15469937-15472750
AF.0024911	1	0.9675	0.9606	0.2759	0.1364	0.0833	0.1429	0	0.0833	0	0	0	0.0488	0.037	0	0	0	chr10:21172382-21293429
A5.0001935	0.8	0.8043	0.5833	0.4615	0.3378	0.3333	0.4688	0.4444	0.3846	0.3929	0.2391	0.5862	0.3651	0.3158	0.2222	0.45	0.4324	chr16:22519137-22523948
AF.0054866	0	0.1633	0.0508	0.4483	0.5111	0.625	0.44	0.4722	0.4	0.2676	0.2817	0.2041	0.1129	0.26	0.0545	0.2381	0.2029	chr17:37339803-37406854
AF.0023117	0.2857	0.5211	0.3725	0.72	0.7245	0.6786	0.5893	0.5122	0.5581	0.3824	0.4444	0.1852	0.3636	0.1667	0.2286	0.25	0.3146	chr18:24239219-24280948
AF.0048769	0.9048	0.8065	0.7714	0.52	0.7143	0.5	0.4359	0.439	0.3696	0.5541	0.6203	0.4744	0.5347	0.8269	0.6757	0.8857	0.7857	chr3:65493511-65597886
SE.0022593	1	0.9423	0.9296	0.8868	0.9326	0.8788	0.7959	0.7347	0.6604	0.5385	0.451	0.7209	0.4222	0.3514	0.5	0.3571	0.2917	chr4:88056085-88062004
AF.0049960	0.0909	0.0899	0.1368	0.2653	0.2361	0.6	0.3333	0.3077	0.3617	0.4286	0.3165	0.6774	0.4524	0.5	0.3784	0.625	0.5172	chr14:23069475-23071555
AF.0011705	0	0	0.0476	0.125	0.2273	0.1667	0.2381	0.2727	0.2162	0.25	0.3585	0.7931	0.68	0.5	0.75	0.4138	0.5	chr15:47600864-47759864
AF.0004520	1	1	1	0.7692	1	0.6667	0.6154	0.4167	0.7692	0.6957	0.4872	0.8696	0.6818	0.6667	0.5455	0.8947	0.6818	chr1:61927729-61990364
AF.0025537	0	0.1416	0.1136	0.3973	0.4115	0.4923	0.4776	0.4684	0.5	0.4518	0.583	0.2273	0.1905	0.297	0.2286	0.2182	0.4045	chrX:10566954-10677687
RI.0019407	0.1151	0.4589	0.3742	0.3876	0.4184	0.4363	0.4277	0.5283	0.456	0.5047	0.5383	0.4705	0.5154	0.6009	0.5	0.7459	0.6881	chr1:35177988-35187122
RI.0008474	0.9184	0.9091	0.8571	1	0.5833	0.2222	0.2222	0.7	0.8889	0.9	0.75	1	0.7333	0.4615	0.3333	0.75	0.375	chr14:75280559-75282197
AF.0004151	1	0.8372	0.9091	0.8276	0.781	0.5	0.625	0.5833	0.6545	0.5111	0.6064	0.6078	0.4667	0.4894	0.5806	0.4054	0.4918	chr2:232697260-232703489
AF.0039016	0.1049	0.2392	0.2422	0.5969	0.5603	0.7354	0.7378	0.7691	0.7627	0.8383	0.8501	0.7907	0.8039	0.8466	0.8358	0.8455	0.8605	chr12:49186610-49189261
A5.0002769	0.0769	0.2368	0.274	0.3889	0.3846	0.5625	0.5349	0.5625	0.4722	0.6364	0.6795	0.1791	0.5147	0.7586	0.76	0.7174	0.7912	chr19:12720878-12723360
RI.0007819	NA	0.8889	1	1	1	0.7391	0.92	0.6667	0.75	0.7292	0.8125	0.5152	0.7838	0.6351	0.5294	0.625	0.5849	chr7:108160360-108175357
AF.0010406	0.1071	0.1224	0.0972	0.0976	0.0597	0.3529	0.2955	0.4694	0.3148	0.4681	0.6125	0.7209	0.7879	0.5918	0.4889	0.5349	0.4341	chr10:114491790-114545098
SE.0031409	0	0.0667	0.129	0.186	0.1905	0.3226	0.1818	0.3333	0.3448	0.6182	0.7284	0.4773	0.6571	0.7547	0.5714	0.7917	0.7656	chr4:48501622-48505615
AL.0022124	0.9871	0.9721	0.9802	0.8807	0.878	0.6293	0.645	0.5115	0.5823	0.3743	0.384	0.3976	0.4694	0.3553	0.3814	0.35	0.4087	chr7:74711031-74717066
SE.0002088	1	1	1	0.9211	0.9492	0.88	0.8571	0.925	0.8636	0.6905	0.6667	0.6964	0.5625	0.6087	0.6667	0.6154	0.6667	chr11:9206672-9265232
SE.0017232	0.5526	0.4348	0.2857	0.6071	0.7188	0.7333	0.4815	0.6939	0.6667	0.8659	0.808	0.8909	0.7191	0.8108	0.7595	0.8261	0.7754	chr3:112333092-112345288
SE.0019603	0.0833	0	0	0.0423	0.0606	0.2222	0.25	0.4301	0.3908	0.6923	0.5805	0.5309	0.614	0.6509	0.4713	0.4842	0.6039	chr4:62044452-62078062
AF.0002233	0.3098	0.428	0.4525	0.5618	0.3971	0.5	0.6667	0.6478	0.6783	0.6835	0.585	0.6697	0.4783	0.7045	0.7444	0.64	0.7189	chr4:108620568-108622024
AL.0019030	0.5942	0.6038	0.6119	0.3455	0.2903	0.2683	0.2609	0.2182	0.1791	0.2154	0.2771	0.1538	0.5116	0.3125	0.4359	0.4063	0.3553	chr19:21375868-21389387
RI.0015379	0.5	0.8	1	0.6667	0.7931	0.5625	0.5227	0.3175	0.4286	0.1792	0.2289	0.3358	0.2444	0.2162	0.163	0.1556	0.2658	chr6:127473079-127476468
AF.0063105	0	0.0182	0	0.0673	0.0687	0	0.0253	0.126	0.1262	0.208	0.1694	0.32	0.2895	0.1895	0.1531	0.18	0.1782	chr4:127622840-127644056
RI.0019460	0.9565	0.75	0.7647	0.6207	0.8235	0.4	0.6923	0.5313	0.6034	0.5	0.4897	0.4264	0.4561	0.6	0.5645	0.4493	0.4014	chr18:58863530-58865579
SE.0000538	0.9286	0.986	0.971	0.9107	0.9763	0.9412	0.9406	0.8989	0.8585	0.7299	0.7413	0.8372	0.7651	0.7157	0.6364	0.7374	0.6792	chr18:47869351-47896809
AF.0027110	0.0189	0.1339	0.082	1	0.9211	1	0.9744	0.975	0.9706	0.9853	1	1	0.9605	0.9747	0.9792	0.9333	0.9338	chr1:174811831-174957529
AL.0023971	1	1	1	0.8537	0.8933	0.6905	0.7317	0.5422	0.5294	0.3697	0.4464	0.5146	0.3738	0.3871	0.3729	0.5111	0.2702	chr3:47928227-47977933
AF.0037535	0.1875	0.0625	0.2105	0.1622	0.1455	0.4545	0.24	0.5455	0.6154	0.7143	0.8333	0.8598	0.8431	0.8636	0.8571	1	0.9155	chr1:201718389-201780559
SE.0007812	0.4423	0.68	0.7212	0.7176	0.687	0.7111	0.5957	0.5785	0.6087	0.4435	0.4974	0.6966	0.5823	0.4286	0.5	0.4058	0.3607	chr2:55301871-55309023
A3.0007995	0.3696	0.5	0.4179	0.3934	0.4019	0.1714	0.2459	0.2277	0.1538	0.121	0.1875	0.0541	0.1008	0.1735	0.0814	0.1047	0.1176	chr19:20552520-20553824
A5.0002535	0.8529	0.8831	0.8596	0.8125	0.7447	0.3913	0.6667	0.7692	0.5588	0.3448	0.3387	0.1176	0.2593	0.1786	0.2667	0	0.1892	chr1:37891357-37932053
SE.0021563	0	0.1429	0.1395	0.4783	0.5686	0.6471	0.6304	0.6765	0.6034	0.5968	0.7222	0.8025	0.5248	0.5811	0.4933	0.375	0.4	chr7:152194439-152196011
AF.0010319	1	0.7778	0.5	0.1667	0.2698	0.6364	0.9048	0.9474	1	1	0.9815	1	0.9091	1	0.8333	1	1	chr14:49538603-49586758
AL.0002834	0.674	0.5455	0.52	0.5569	0.6056	0.6204	0.673	0.5996	0.6219	0.5864	0.6444	0.679	0.6553	0.4594	0.4584	0.323	0.3652	chrX:13768658-13776303
SE.0032355	0	0	0	0.0233	0.0175	0.2069	0.0488	0.2407	0.2222	0.3898	0.2881	0.3214	0.5319	0.5397	0.475	0.4118	0.5227	chr1:184690015-184702996
SE.0026673	0.2927	0.1212	0.1282	0.2045	0.2289	0.3095	0.3182	0.422	0.4176	0.5314	0.5463	0.6144	0.5864	0.5932	0.6842	0.6905	0.6234	chr11:120407737-120420851
SE.0041253	0	0.1311	0.0682	0.125	0.0732	0	0.2353	0.2593	0.3478	0.2955	0.3718	0.3288	0.3636	0.5	0.5	0.4375	0.4516	chr20:49153932-49174269
RI.0028826	0.7455	0.6432	0.7134	0.7258	0.65	0.6364	0.6512	0.5408	0.6707	0.4474	0.4527	0.3388	0.4234	0.4079	0.4839	0.5833	0.5833	chr11:62852810-62853115
AF.0047742	0.2326	0.5432	0.3684	0.1042	0.1154	0.0435	0	0.0135	0	0	0.023	0	0.0182	0	0	0.0213	0	chr5:177131621-177135200
RI.0032749	0.0423	0.3404	0.2	0.3396	0.459	0.45	0.4889	0.5556	0.4074	0.7879	0.5283	0.76	0.5385	0.6957	0.8966	0.7308	0.7333	chr10:60134270-60139087
SE.0005670	1	1	0.9792	0.8451	0.8509	0.5732	0.5785	0.5586	0.5287	0.4317	0.4475	0.381	0.4228	0.2645	0.3182	0.3246	0.3458	chr6:56528840-56530133
AL.0021699	0.6458	0.7213	0.6439	0.6643	0.592	0.6118	0.6131	0.563	0.4789	0.5625	0.6157	0.3165	0.3968	0.5513	0.558	0.6277	0.6111	chr6:57099060-57124859
AF.0010181	0.8947	0.8333	0.9286	1	1	1	0.875	0.7368	1	0.8846	0.9412	0.7059	0.913	0.64	0.913	0.6818	0.6563	chr20:3203212-3204680
AF.0019648	0	0.1154	0	0.3077	0	0.0909	0.0741	0.1	0.2857	0.0625	0.075	0.3864	0.3667	0.1316	0.1154	0.0741	0.125	chr4:109717547-109729956
AF.0020243	0.7805	0.7297	0.7467	0.5476	0.5921	0.6111	0.5625	0.6061	0.7	0.4923	0.4222	0.4912	0.4355	0.4717	0.35	0.4118	0.274	chr2:227340291-227355761
SE.0007119	0.0526	0.0115	0.028	0.1719	0.1136	0.3	0.2976	0.4536	0.5862	0.6972	0.6768	0.7484	0.7634	0.74	0.5918	0.5067	0.6462	chr2:203395655-203402734
AL.0030386	0	0.0476	0.0909	0.2069	0.1589	0.2432	0.2712	0.3951	0.2836	0.2381	0.4508	0.3542	0.2405	0.3385	0.5294	0.3457	0.4286	chr4:98352475-98391989
SE.0012788	0	0	0	0	0.0167	0.0857	0.0476	0.0471	0.1364	0.1575	0.1592	0.2276	0.125	0.2642	0.2105	0.2568	0.3005	chr22:35746472-35756144
SE.0023275	0.0769	0.1282	0.0698	0.0313	0.1	0.2308	0.1667	0.3529	0.2647	0.6042	0.4375	0.3846	0.6129	0.625	0.6364	0.5	0.5366	chr10:67956877-67966802
RI.0029571	0.7143	0.6538	0.5122	0.7097	0.5455	0.4167	0.3243	0.34	0.383	0.2813	0.2655	0.303	0.2788	0.303	0.2714	0.1636	0.2718	chr1:153990769-153991223
RI.0003741	0.1937	0.2928	0.2709	0.5739	0.5673	0.5758	0.6322	0.5238	0.5932	0.377	0.5487	0.7901	0.5521	0.68	0.6981	0.6667	0.74	chr1:45606481-45608337
RI.0000308	0.8333	0.475	0.5	0.5714	0.7097	0.6667	0.5333	0.8421	0.5294	0.75	0.4444	0.1667	0.1364	1	0.5	0.5	0.2857	chr3:48187777-48188461
SE.0003328	0.8913	0.7797	0.7833	0.3731	0.521	0.4348	0.4894	0.3846	0.419	0.4602	0.4854	0.5476	0.5833	0.4898	0.5493	0.618	0.5706	chr2:32433643-32436184
AL.0025211	0.3167	0.2817	0.2837	0.5455	0.5548	0.6769	0.5745	0.567	0.6	0.6234	0.6369	0.6905	0.7238	0.7857	0.6452	0.6393	0.6609	chr5:70901824-70919810
SE.0038013	0	0	0	0.0177	0.04	0.1429	0.125	0.1287	0.15	0.314	0.3057	0.2607	0.2119	0.4095	0.3521	0.4839	0.3212	chr19:5225726-5229684
AF.0043392	1	1	1	0.9667	0.9649	0.9231	0.8889	0.6667	0.76	0.5873	0.48	0.7302	0.55	0.4568	0.5429	0.44	0.5862	chr3:42125419-42176890
AF.0000194	0.992	0.7941	0.6429	0.0476	0	0	0	0	0	0	NA	NA	0	NA	NA	0	0	chr11:128490456-128556435
AF.0046669	1	0.8261	0.68	0.4545	0.4138	0.4286	0.5385	0.125	0.1429	0.1935	0.1613	0.2432	0.381	0.3333	0.1111	0.1667	0.3077	chr3:48425280-48430051
A3.0003117	0.7717	0.5411	0.6647	0.375	0.2917	0.3714	0.5	0.225	0.3191	0.2632	0.2708	0.3103	0.35	0.3871	0.2941	0.4359	0.3188	chrX:15828191-15845516
SE.0021538	0.12	0.0833	0.0169	0.2055	0.2366	0.5	0.56	0.7619	0.7468	0.9143	0.8603	0.6889	0.7978	0.7027	0.6667	0.6111	0.6569	chr2:121425138-121430177
SE.0006939	0.209	0.1613	0.1404	0.303	0.3175	0.3043	0.4242	0.8095	0.587	0.7705	0.6986	0.7273	0.9167	0.5882	0.6154	0.6333	0.7361	chr16:24789231-24794719
A5.0001927	0.5063	0.6733	0.5258	0.8462	0.825	0.9444	0.94	0.8298	0.8409	0.9302	0.9647	0.8197	0.8684	0.875	0.9615	0.9	0.8966	chr19:38710256-38714561
AL.0002603	0.9762	1	0.9841	0.8632	0.8786	0.8082	0.8495	0.8319	0.7778	0.7593	0.6638	0.6759	0.8333	0.5946	0.6981	0.5152	0.5704	chr6:163563419-163586755
A3.0006594	0	0	0.0057	0.069	0	0.3846	0.3478	0.375	0.2857	0.125	0.186	0	0.2778	0.4444	0.4167	0.3214	0.5854	chr5:116467582-116473093
SE.0011061	0.0588	0.4103	0.6279	0.7273	0.7544	0.8824	0.8148	0.9429	0.8857	0.9268	0.9733	1	0.9394	0.9189	0.75	0.7692	0.9107	chr3:100310402-100316187
AF.0019180	0	0	0	0.0526	0	0.0357	0.0727	0.1639	0.2055	0.209	0.2273	0.4085	0.2688	0.3258	0.4054	0.369	0.3576	chr9:8733779-9018735
AL.0024305	1	1	1	0.9655	0.9818	0.8537	0.8182	0.85	0.7241	0.619	0.6559	0.6098	0.36	0.5088	0.6	0.5778	0.5213	chr2:74371536-74377466
AF.0009506	1	1	1	1	0.9969	0.9471	0.948	0.955	0.9212	0.7913	0.7695	0.9489	0.7975	0.7235	0.6929	0.8154	0.747	chr5:138827514-138886292
AL.0003999	0.4762	0.5455	0.5714	0.8235	0.7333	0.8	1	0.8333	0.7143	0.6522	0.8108	0.6286	0.8571	0.963	0.7895	0.9524	0.8333	chr10:34284134-34317338
RI.0008829	0.6393	0.5929	0.592	0.8774	0.8663	0.7407	0.9036	0.8161	0.8983	0.8594	0.8649	0.8804	0.7258	0.8	0.7963	1	1	chr13:91349697-91367730
AF.0060866	0.0909	0.4444	0.3864	0.6061	0.5238	0.7273	0.6364	0.5	0.7111	0.6531	0.7188	0.8857	0.7234	0.7255	0.7241	0.6522	0.5362	chr19:52635065-52655687
SE.0008944	0.0854	0.1288	0.1523	0.0327	0.0507	0.0349	0.0568	0.1116	0.0681	0.2875	0.2736	0.2913	0.2679	0.4651	0.4615	0.5077	0.4414	chr1:81951956-81956060
AF.0026022	1	1	1	NA	0	NA	0	0.3333	0.4	0.1714	0.0476	0.6923	0.55	0.303	0.5	0.5278	0.6	chr12:86049674-86334127
SE.0001206	0.7895	0.8235	0.8542	0.4615	0.7213	0.3182	0.4857	0.3226	0.4571	0.3846	0.3095	0.1212	0.2667	0.2105	0.3333	0.4	0.3256	chr10:50126056-50127795
AF.0033390	0.7143	0.8636	0.9697	0.7222	0.7222	0.6429	0.6939	0.5946	0.5781	0.5517	0.4528	0.3603	0.3056	0.4421	0.4848	0.5	0.514	chr16:53155925-53209813
RI.0015478	0	0.0694	0.0145	0.0488	0.1167	0.0714	0.0732	0.1765	0.1316	0.1667	0.0702	0.4737	0.2857	0.0833	0.12	0.1579	0.1053	chr19:2235922-2236239
SE.0037680	0.8846	0.9412	0.9	0.68	0.525	0.303	0.4211	0.2826	0.2115	0.119	0.1639	0.2022	0.1897	0.099	0.1029	0.1667	0.1111	chr13:77225434-77243160
A3.0001556	1	1	1	0.9583	0.95	0.7419	0.8679	0.6119	0.6393	0.4023	0.3646	0.5625	0.5	0.2805	0.3279	0.3793	0.3742	chr6:83118887-83119857
SE.0015203	0.4789	0.75	0.6829	0.8	0.8442	0.7368	0.8462	0.7805	0.8372	0.8696	0.8788	0.86	0.975	0.9231	0.875	0.9706	0.9535	chr11:57737607-57738430
SE.0026832	0.9765	0.8321	0.806	0.0345	0	0	0	0	0	0	0	0	0	0	0	0	0	chr20:32792625-32795534
AF.0014866	0	0.0476	0.0488	0.3864	0.3556	0.4545	0.2069	0.2439	0.0968	0.2581	0.3913	0.1905	0.6667	0.3182	0.3333	0.4375	0.2419	chr14:48977140-49586758
A5.0002570	1	0.75	0	0.7143	0.6613	0.2	0.4638	0.1951	0.1558	0.1765	0.3421	0.027	0.0924	0.071	0.0338	0.1667	0.1139	chr12:16600654-16606132
SE.0003507	0	0.25	0.2	0.3929	0.2826	0.6176	0.7059	0.6667	0.5955	0.7447	0.754	0.828	0.5882	0.8125	0.7451	0.6964	0.7946	chr12:39311416-39318201
A5.0000061	0.1429	0.3291	0.3158	0.4658	0.3793	0.5965	0.5733	0.4583	0.4938	0.573	0.6555	0.5849	0.6806	0.7531	0.5745	0.6818	0.8081	chr2:70227734-70229091
A3.0004044	0	0.1111	0.0357	0.75	0.7826	0.9167	0.8378	0.9412	0.8269	0.7284	0.7887	0.7317	0.7925	0.9167	0.8889	0.9412	0.9172	chr7:81997178-82005497
AL.0001049	0.0648	0.0226	0.0196	0.082	0.0732	0.0952	0.0909	0.2222	0.2857	0.3462	0.4667	0.2245	0.3571	0.3182	0.2963	0.2727	0.1698	chr8:38412084-38413976
SE.0001038	0.3077	0.3838	0.4923	0.7253	0.7634	0.8182	0.8534	0.9091	0.9085	0.9182	0.9233	0.8563	0.887	0.9375	0.8812	0.8957	0.9042	chr15:57251349-57253468
A3.0004292	0.1	0.1681	0.1881	0.1895	0.2516	0.4167	0.25	0.5288	0.4342	0.4078	0.4861	0.5342	0.4038	0.5495	0.4937	0.5676	0.5724	chr2:182736248-182740388
AF.0045708	0.0976	0.08	0.0862	0.24	0.1429	0.3	0.2222	0.5806	0.4583	0.5714	0.4259	0.5185	0.4583	0.7778	0.8077	0.7	0.6786	chr10:43396455-43409230
AF.0012618	0.25	0	0.0357	0.3125	0.2432	0.3043	0.375	0.4444	0.4	0.4359	0.5581	0.4545	0.3725	0.4571	0.2581	0.4545	0.3898	chr7:86964903-87059796
AF.0020777	0.344	0.3333	0.4706	0.3333	0.5484	0.0714	0.2903	0	0.1277	0.1176	0.0857	0.0455	0.2051	0.1087	0.0667	0.0698	0.0763	chr15:26772680-26773812
SE.0029825	0.4865	0.4713	0.4933	0.6287	0.5791	0.6121	0.6199	0.7023	0.6819	0.7793	0.7586	0.7864	0.7702	0.7804	0.8051	0.8445	0.8119	chr12:97494694-97530859
AL.0011964	0.9804	0.996	0.9865	1	0.9831	0.9273	0.8667	0.7324	0.8351	0.8087	0.7207	0.8033	0.8228	0.6322	0.7424	0.8378	0.703	chr9:15469937-15472750
AF.0044785	0.1154	0.2	0.1296	0.5273	0.5814	0.7742	0.75	0.6154	0.7424	0.7	0.7293	0.59	0.589	0.6038	0.7031	0.6154	0.7047	chr13:111114353-111153991
AF.0002730	0.6923	0.6354	0.55	0.2841	0.2605	0.2143	0.1604	0.0948	0.1	0.0887	0.0852	0.1633	0.1111	0.0684	0.1154	0.1111	0.1041	chr15:57251349-57253468
AF.0014467	0.9474	0.8974	0.8367	0.5882	0.6667	0.4	0.4444	0.4444	0.5417	0.4	0.4545	0.8372	0.7429	0.3103	0.3333	0.3571	0.2364	chr10:5684681-5709663
SE.0022158	0.2745	0.5517	0.4773	0.6538	0.7164	0.4615	0.4643	0.5938	0.6667	0.7442	0.7049	0.7442	0.875	0.8696	0.9118	0.75	0.8235	chr14:105445417-105450184
SE.0036034	0	0	0	0.1224	0.099	0.2542	0.2323	0.2597	0.3258	0.7021	0.5056	0.7283	0.5962	0.6364	0.6207	0.5333	0.6735	chr9:8449724-8460571
RI.0007292	NA	0.7879	0.7407	0.5543	0.5159	0.4844	0.4397	0.3268	0.315	0.2599	0.2711	0.2084	0.1529	0.1611	0.151	0.163	0.1643	chr2:209696919-209700338
AF.0020643	0.7333	0.4667	0.4643	0.3913	0.3784	0.3571	0.129	0.3	0.2	0.1875	0.4038	0.0588	0.1563	0.2	0.1304	0.1818	0.3226	chr15:50354933-50358660
SE.0011801	NA	0.3333	0	0.1304	0.2683	0.3333	0.439	0.2632	0.4643	0.425	0.459	0.4138	0.5306	0.6111	0.4737	0.6923	0.6716	chr11:115178643-115198438
AL.0010844	0.4784	0.4138	0.388	0.85	0.8636	0.74	0.75	0.875	0.8026	0.8077	0.8267	0.55	0.6957	0.6129	0.7826	0.575	0.6944	chrX:15821894-15845516
SE.0000726	0	0	0	0.04	0	0.1389	0.0492	0.0725	0.1731	0.2188	0.2062	0.2713	0.2651	0.3448	0.3	0.3243	0.25	chr6:167951185-167962567
AF.0037455	0.8158	0.662	0.7121	0.4706	0.4457	0.4444	0.4545	0.8	0.6857	0.8621	0.8837	0.9176	0.8974	0.8824	0.75	0.7241	0.6296	chr10:5429169-5451937
AF.0021863	1	0.9635	0.9429	0.8182	0.9091	0.7288	0.616	0.5984	0.7083	0.3361	0.2947	0.3714	0.3972	0.3542	0.3214	0.3736	0.2113	chr3:33644756-33663515
AF.0017163	0.8649	0.616	0.5714	0.5238	0.4429	0.64	0.6275	0.3538	0.3556	0.3	0.3231	0.3519	0.2632	0.093	0.1842	0.36	0.1522	chr19:41262507-41268345
AF.0037335	1	0.9268	0.9348	0.8636	0.9079	0.6757	0.8571	0.6566	0.6591	0.5161	0.4892	0.5043	0.4851	0.5116	0.4884	0.525	0.4802	chr10:24620878-24630050
SE.0025740	0.8133	0.4776	0.4557	0.4	0.4371	0.5121	0.5132	0.6559	0.7115	0.7476	0.7815	0.6427	0.7299	0.8215	0.8063	0.8462	0.8825	chr22:26665530-26673666
MSE.0007835	0.8344	0.7281	0.6667	0.5575	0.5753	0.4722	0.5786	0.4	0.4551	0.4192	0.4582	0.6034	0.515	0.4077	0.5158	0.359	0.4198	chr12:98537474-98546447
AF.0023642	0.0923	0.0282	0.0813	0.3235	0.2386	0.4615	0.4732	0.3659	0.3364	0.1854	0.2956	0.3333	0.1447	0.2222	0.1573	0.0899	0.1232	chr4:153204006-153270519
AL.0009139	0.0976	0.1029	0.0888	0.2222	0.2028	0.3692	0.4488	0.4074	0.3039	0.3182	0.4366	0.1719	0.5532	0.4222	0.4103	0.3333	0.375	chr3:111126183-111145037
SE.0024080	0	0	0	0.1212	0.0638	0.2	0.1	0.4118	0.2571	0.525	0.4211	0.5349	0.5758	0.6538	0.6	0.6296	0.7273	chr2:62831018-62859291
MSE.0010353	0.4667	0.9153	0.7917	0.6197	0.5963	0.766	0.7103	0.715	0.7135	0.7343	0.7649	0.9139	0.8914	0.8092	0.6985	0.7391	0.7117	chr20:49279103-49289260
RI.0004543	0.3	0.7231	0.6491	0.9036	0.8571	0.5789	0.7215	0.4789	0.6081	0.5513	0.5556	0.6364	0.64	0.8065	0.68	0.6591	0.6964	chr20:43459152-43459895
SE.0031683	0.2	0.7077	0.7126	0.9167	0.9691	1	1	0.9714	0.9875	1	0.9825	1	0.9897	0.9868	1	1	0.9917	chr17:67874816-67892034
RI.0028556	0.9583	0.9333	1	0.7193	0.7297	0.7333	0.7206	0.6531	0.6429	0.6875	0.625	0.62	0.7711	0.5909	0.7949	0.92	0.617	chr5:83544964-83545650
A5.0003958	0.0714	0.1795	0.2125	0.507	0.3333	0.4419	0.378	0.5972	0.7188	0.6747	0.6542	0.6952	0.7013	0.5323	0.7083	0.7	0.7381	chr22:23791755-23793688
AF.0020343	1	1	1	0.8636	0.9855	0.8824	0.7778	0.4697	0.6341	0.48	0.4731	0.6015	0.3125	0.4417	0.5918	0.5059	0.3977	chr11:120336228-120406141
SE.0030300	0	0	0	0	0	0.0465	0.0156	0.0606	0.0755	0.1493	0.275	0.0893	0.22	0.1786	0.2286	0.3333	0.3088	chr13:21391721-21400493
SE.0023307	1	1	0.9167	0.875	0.9714	0.8	0.6944	0.3778	0.6279	0.4787	0.4091	0.2545	0.2419	0.1667	0.1639	0.1375	0.1369	chr10:60059339-60063254
A3.0008935	0.0196	0.004	0.0135	0	0.0169	0.0727	0.1333	0.2676	0.1649	0.1913	0.2793	0.1967	0.1772	0.3678	0.2576	0.1622	0.297	chr9:15469937-15472750
AL.0020811	0.9417	0.7857	0.8491	0.4872	0.425	0.1538	0.2903	0.4	0.3158	0.125	0.1538	0	0.5	0.3333	0	0.5	0.1667	chr9:35681354-35684315
SE.0019668	0.2477	0.3291	0.2556	0.6923	0.6081	0.6842	0.5667	0.775	0.7931	0.7059	0.7143	0.9	0.7273	0.5882	0.5	0.3571	0.7	chr2:173358711-173363462
AF.0016263	0.7986	0.7552	0.625	0.6667	0.7083	0.8	0.7705	0.7736	0.8049	0.8852	0.9079	0.9907	0.931	0.8298	0.84	0.8333	0.8701	chr9:129137591-129142552
AL.0022805	0.9814	0.9074	0.9057	0.7526	0.7874	0.5273	0.6019	0.4828	0.5978	0.6	0.4797	0.4531	0.4271	0.3814	0.4416	0.4769	0.4904	chr19:49101389-49104735
AF.0045993	1	0.8333	0.8947	0.9655	0.9318	0.9444	0.8537	0.8571	0.9143	0.623	0.7308	0.7805	0.5814	0.5946	0.6032	0.5663	0.5761	chr18:8114790-8143779
SE.0013606	0	0.0513	0.0118	0.0805	0.0794	0.0943	0.1739	0.1887	0.2151	0.3	0.3087	0.2892	0.2459	0.3263	0.2535	0.3625	0.3025	chr3:52617261-52627370
SE.0015428	0.9079	0.9697	0.9619	0.8229	0.8529	0.8478	0.7957	0.6528	0.6747	0.5946	0.6154	0.4778	0.6563	0.5849	0.619	0.54	0.5517	chr14:96556174-96562893
AF.0027667	1	0.4627	0.4598	0.5532	0.5878	0.8608	0.8974	0.9517	0.9016	0.8824	0.8447	0.9724	0.9366	0.9231	0.9573	0.9448	0.9597	chr7:108312664-108399593
SE.0005813	1	0.9655	1	0.8571	0.9111	0.8333	0.7619	0.8095	0.7308	0.6522	0.5	0.963	0.64	0.6897	0.5385	0.7778	0.8182	chr3:15573158-15580045
RI.0012695	0.4615	0.7895	0.7778	0.7963	0.8193	0.7059	0.8103	0.3864	0.5181	0.3651	0.3824	0.4189	0.4177	0.6667	0.6923	0.6186	0.58	chr2:200859679-200860215
SE.0012103	0	0.0968	0.0556	0.3077	0.369	0.5926	0.587	0.717	0.7451	0.8545	0.8471	0.7321	0.8776	0.8222	0.825	0.8571	0.8649	chr12:122340980-122352786
AF.0062652	0.9767	0.9211	0.9362	0.5822	0.5982	0.7059	0.6563	0.5714	0.5294	0.75	0.8333	1	1	0.75	0.75	1	1	chr9:124554327-124733349
A5.0000192	1	0.8333	0.7429	0.7179	0.5	0.4667	0.6471	0.3333	0.3939	0.381	0.425	0.641	0.6154	0.3421	0.5652	0.2381	0.3077	chr4:15478722-15480827
SE.0038146	0	0	0	0.0244	0	0	0.0217	0.1509	0.2051	0.25	0.1087	0.1591	0.3261	0.2857	0.3721	0.2222	0.2673	chr12:43797707-43799502
SE.0026681	1	0.7895	0.8119	0.3793	0.5769	0.1563	0.1224	0.325	0.2391	0.4857	0.4167	0.5897	0.5	0.8854	0.9067	0.9231	0.9006	chrX:139723890-139738069
SE.0025939	0.1304	0.25	0.2899	0.7292	0.6481	0.7	0.8235	0.8	0.8636	0.8367	0.9125	0.9833	0.9348	0.975	0.9167	0.9565	0.875	chr5:123604723-123622320
AL.0023496	0	0.0556	0.0357	0.2222	0.2667	0.5	0.4286	0.5263	0.6333	0.4	0.4118	0.7813	0.6053	0.5556	0.56	0.5	0.617	chr2:232567077-232574341
AL.0010115	0.8	0.9487	0.9737	0.7143	0.7857	0.25	0.5217	0.069	0.2069	0.1837	0.1556	0.0909	0.1	0.0769	0.2	0.2381	0.0513	chr3:197875697-197888704
SE.0032098	0	0.0303	0.1081	0.2	0.1489	0.3333	0.3571	0.2143	0.4762	0.4103	0.3898	0.8	0.625	0.3333	0.4545	0.6923	0.2432	chr12:120522213-120529186
AF.0021956	0.7551	0.76	0.84	0.5556	0.3636	0.4706	0.6667	0.6	0.6522	0.56	0.6591	0.2	0.375	0.5714	0.4375	0.9091	0.5263	chr6:155311187-155314525
AF.0020116	0.6444	0.697	0.5333	0.4545	0.4545	1	1	0.6923	0.9167	0.963	1	0.8462	1	1	0.9286	0.9167	0.9524	chr6:10555545-10621443
AL.0032955	0.9434	0.9815	0.9474	0.7377	0.7843	0.5	0.4746	0.4434	0.3483	0.2211	0.1889	0.4396	0.1681	0.2	0.1652	0.25	0.2114	chr2:171707286-171715368
SE.0008304	0	0	0	0.02	0.0213	0.0822	0.1139	0.2475	0.1771	0.3243	0.3422	0.2784	0.3699	0.3333	0.27	0.36	0.4159	chr2:183023805-183038482
SE.0025834	0	0.0115	0.0219	0.042	0.0422	0.1176	0.0625	0.1485	0.1625	0.25	0.2977	0.3866	0.2742	0.3472	0.4762	0.2973	0.4151	chr21:39345145-39348339
A3.0007923	0.4245	0.4118	0.4407	0.1707	0.2157	0.0909	0.0294	0.1765	0.1786	0.1714	0.1111	0.3636	0.1	0.1852	0.0455	0.3	0.1538	chr19:38709394-38711361
RI.0023800	0.0676	0.1111	0.1639	0.2371	0.1875	0.1842	0.1932	0.1169	0.0725	0.0826	0.1014	0.4419	0.4054	0.3012	0.1923	0.1111	0.1749	chr7:44581722-44582210
AF.0042500	1	0.8788	1	0.9167	0.8276	0.6364	0.9091	0.7368	0.7037	0.6667	0.6098	0.8594	0.9429	0.5385	0.4615	0.5417	0.3654	chr19:12720878-12724001
SE.0025835	0.4444	0.9213	0.9195	0.9048	0.9231	0.7708	0.5676	0.6129	0.7333	0.641	0.449	0	0.52	0.4412	0.6471	0.5574	0.6071	chr3:105550130-105552585
RI.0011399	0.16	0.368	0.3737	0.4082	0.5647	0.8889	0.6923	0.9091	0.8571	0.7647	0.7857	1	0.75	0.7692	0.75	0.375	0.7143	chr3:172755482-172757165
AF.0043031	0.4737	0.451	0.4113	0.1717	0.1846	0.2364	0.25	0.1193	0.156	0.0959	0.0778	0.1449	0.0886	0.1206	0.1149	0.1143	0.101	chr4:82857688-82863392
RI.0030590	0.1471	0.1892	0.1163	0.4839	0.4255	0.2778	0.4167	0.5652	0.6	0.6571	0.6731	0.6346	0.8095	0.7241	0.75	0.6552	0.717	chr2:85604502-85609586
RI.0005452	0.5	0.4798	0.4709	0.4286	0.4311	0.3029	0.3536	0.2182	0.1955	0.1167	0.1012	0.1591	0.207	0.0997	0.1059	0.1116	0.1088	chr17:27306781-27308695
A5.0001118	0	0	0.0143	0	0	0	0.0357	0.0781	0.1053	0.2208	0.2586	0.2464	0.2667	0.3077	0.24	0.3333	0.2727	chrX:54238341-54239099
AL.0005587	1	1	1	0.7727	1	0.3333	0.4286	0.1429	0.125	0.0556	0.1429	0.16	0.0435	0	0.1176	0.0769	0.0678	chr20:36194211-36198041
RI.0025040	0	0.1471	0.1458	0.0455	0.1522	0.0556	0.0145	0.0435	0.1224	0.1429	0.2059	0.1071	0.1489	0.2295	0.1136	0.3448	0.3537	chr1:223769840-223770525
AF.0008567	0.9333	0.6341	0.8596	0.5493	0.6526	0.6222	0.4677	0.494	0.2933	0.38	0.3842	0.1986	0.1131	0.2747	0.2973	0.3396	0.3575	chr7:143875988-143902178
SE.0022316	0.998	0.9617	0.9511	0.8684	0.8167	0.3704	0.5641	0.4571	0.4706	0.2162	0.2264	0.1034	0.2727	0.1875	0.5	0	0.1176	chr20:32784757-32787451
RI.0030260	0.1201	0.0744	0.0899	0.1494	0.1317	0.2051	0.1786	0.1414	0.1574	0.2128	0.2667	0.5347	0.4086	0.3587	0.1449	0.1385	0.24	chrX:154350908-154351696
RI.0001232	0.0606	0.3333	0.2	0.2778	0.3077	0.3846	0.35	0.3333	0.4783	0.5	0.5313	1	0.5952	0.5417	0.6486	0.619	0.5634	chr10:116901764-116906747
SE.0003959	0.0092	0	0.0137	0.0167	0.0331	0.0645	0.1	0.2143	0.2105	0.2222	0.2674	0.1316	0.2692	0.3488	0.3714	0.303	0.2973	chr14:52881243-52893333
AF.0025039	0	0.0127	0.0112	0.125	0.1316	0.3939	0.2553	0.2091	0.2735	0.2423	0.2042	0.2061	0.1438	0.1257	0.0897	0.0769	0.0629	chr18:35005327-35070322
AL.0017621	0.5833	0.3485	0.2671	0.1042	0.125	0.0814	0.0767	0.0581	0.0632	0.0322	0.014	0.0497	0.0381	0.0292	0.0237	0.0091	0.0174	chr17:27306781-27309255
RI.0026570	0.7736	0.7941	0.7273	0.3704	0.6327	0.5294	0.75	0.4138	0.4286	0.3333	0.25	0.6279	0.5385	0.4242	0.5333	0.6875	0.5135	chr19:54206275-54206565
SE.0035897	0.5366	0.3902	0.4706	0.5	0.2857	0.2667	0.2857	0.1923	0.2692	0.1111	0.14	0.0455	0.1346	0.175	0.0741	0.125	0.16	chr20:63873667-63882820
SE.0023379	0.3333	0.3571	0.0769	0.2453	0.2778	0.4928	0.4286	0.6214	0.6642	0.8922	0.8576	0.934	0.9	0.9048	0.8601	0.8151	0.8039	chr4:61909559-61935023
SE.0033377	0.6724	0.7222	0.8308	0.7241	0.6531	0.75	0.4815	0.6286	0.7273	0.2258	0.4103	0.5455	0.8333	0.3333	0.4545	0.2857	0.3818	chr2:74135368-74145303
SE.0006654	0.0385	0.08	0.0638	0	0.0189	0	0.0426	0.125	0.0909	0.2807	0.2083	0.4306	0.3594	0.3913	0.425	0.4375	0.4032	chr1:43609382-43613715
AF.0012849	1	0.8846	1	0.7647	0.9091	0.8182	0.25	0.4063	0.3529	0.0313	0.2059	0.12	0.24	0.2333	0.1786	0.1852	0.2222	chr13:112902198-113014846
AF.0052400	0.3692	0.3861	0.3404	0.7288	0.7234	0.7727	0.8085	0.52	0.625	0.6	0.6452	0.5	0.7222	0.3333	0.5172	0.5	0.5263	chr5:16711120-16748451
AL.0027487	0	0.0381	0.0105	0.0465	0.1688	0.1795	0.1887	0.1923	0.1698	0.3279	0.2676	0.2281	0.339	0.4138	0.4286	0.5818	0.4653	chr2:190931544-190953626
AF.0020158	0.9667	0.8846	0.963	0.65	0.8333	0.75	0.4286	0.3939	0.4	0.025	0.1556	0.0822	0.2182	0.1014	0.119	0.1471	0.1359	chr13:112902198-113014846
AF.0030795	1	0.9545	1	0.6667	0.9048	0.8	0.5	0.6471	0.4375	0.3182	0.3636	0.3056	0.2	0.4167	0.0526	0.0769	0.2778	chr3:37065809-37075116
SE.0003906	0	0	0	0	0.0366	0.0645	0.1167	0.2453	0.2407	0.2424	0.3529	0.4048	0.3816	0.5395	0.4889	0.5263	0.3913	chr17:76086079-76087720
A5.0002033	0.6061	0.4821	0.5882	0.4776	0.3684	0.2857	0.2414	0.129	0.3043	0.0625	0.0385	0	0.1176	0	0	0	0.0345	chr6:104950460-104958286
AF.0013887	0.2451	0.2901	0.2683	0.4074	0.3595	0.6522	0.4792	0.5333	0.6633	0.6947	0.76	0.605	0.7328	0.7353	0.7	0.7647	0.7692	chr1:51714002-51745631
AF.0023280	1	1	1	1	1	0.9	1	0.9524	1	1	0.9167	0.9388	1	0.5926	0.8	0.7083	0.5556	chr2:54987490-55050544
AL.0003341	1	1	0.9091	0.7273	0.66	0.6377	0.4773	0.5635	0.6702	0.4971	0.5636	0.4928	0.6269	0.3571	0.2658	0.2083	0.2907	chr9:23689451-23701604
SE.0040235	NA	0	0	0.1364	0.0968	0.1429	0.2432	0.4333	0.3333	0.5918	0.6176	0.875	0.6585	0.7561	0.5455	0.4615	0.7778	chr4:185620062-185627019
RI.0005322	0.0727	0.2016	0.1649	0.2536	0.2534	0.2267	0.2857	0.3917	0.429	0.3857	0.472	0.4776	0.3476	0.4737	0.4809	0.5667	0.5609	chr2:61522610-61526521
A5.0002646	0	0	0	0.0345	0	0.1905	0	0.3	0.2286	0.5556	0.4792	0.15	0.3333	0.4762	0.6818	0.5294	0.4697	chr2:181915215-181918675
SE.0016459	0.1509	0.1852	0.0843	0.2833	0.4133	0.5588	0.4625	0.5714	0.625	0.5238	0.6184	0.6698	0.642	0.5833	0.4524	0.55	0.5439	chr2:101859735-101865036
AF.0026628	0.2468	0.5287	0.4583	0.24	0.4107	0.5556	0.15	0.32	0.1935	0.0571	0.1591	0.2195	0.3333	0.0345	0.129	0.0323	0.0735	chr1:161037912-161038977
RI.0023132	0.039	0.1797	0.2268	0.4545	0.4136	0.4375	0.4783	0.5085	0.5159	0.5	0.5025	0.4205	0.4861	0.6423	0.6275	0.5897	0.628	chr3:33826479-33828969
AF.0010985	1	1	1	0.9189	0.8955	0.8095	0.825	0.7872	0.75	0.6176	0.6915	0.7069	0.6939	0.3934	0.5238	0.6136	0.6078	chrX:120603924-120605559
AF.0049765	0.0482	0.043	0.0379	0.1463	0.1034	0.2308	0.1818	0.4091	0.3548	0.5	0.4035	0.4828	0.3793	0.75	0.6364	0.7241	0.6667	chr10:43396455-43409230
AF.0027653	0.8125	0.6038	0.5244	0.6771	0.6639	0.8028	0.9099	0.8905	0.8618	0.9614	0.9196	0.955	0.95	0.9271	0.9471	0.9624	0.9494	chr11:62705300-62715379
SE.0035404	0	0	0	0.0968	0.0833	0.2222	0.2174	0.4355	0.5789	0.736	0.8143	0.6818	0.7385	0.8072	0.8154	0.8438	0.8199	chr10:60067934-60080618
RI.0018482	1	1	1	0.7895	0.6875	0.3077	0.3043	0.4048	0.4762	0.3137	0.2561	0.1613	0.2857	0.2941	0.2903	0.2222	0.2209	chr1:37495884-37496736
SE.0019644	0.2128	0.25	0.2813	0.4762	0.2941	0.5625	0.5652	0.5938	0.56	0.7143	0.6949	0.5313	0.6786	0.7273	0.5769	0.6364	0.7333	chr13:37009230-37012297
AL.0005132	0.4977	0.3894	0.3677	0.7835	0.7381	0.8525	0.8986	0.8714	0.8611	0.8966	0.7711	0.92	0.7917	0.8243	0.8	0.9222	0.8503	chr21:25982343-26000182
SE.0039735	0	0	0	0.3846	0.3043	0.9565	0.75	0.9111	0.9259	0.9314	0.9224	0.8	0.8661	0.9194	0.9516	0.8889	0.92	chr4:113236986-113240583
RI.0010691	1	1	1	0.9459	1	0.875	1	0.931	0.8649	0.7883	0.8512	0.6744	0.6538	0.687	0.6289	0.8384	0.7412	chr1:93536331-93544216
SE.0025015	0	0	0	0.2391	0.1512	0.225	0.2353	0.4607	0.49	0.8074	0.7258	0.7727	0.7883	0.7603	0.7692	0.8269	0.7545	chr2:168765591-168778941
AF.0014613	0.4141	0.5547	0.5843	0.2155	0.2713	0.3256	0.2925	0.234	0.2466	0.2156	0.2457	0.1518	0.2308	0.2118	0.212	0.2199	0.1503	chr1:54047266-54053450
SE.0025986	0	0	0	0.0484	0.041	0.0862	0.1275	0.1772	0.2135	0.2805	0.3235	0.5455	0.5	0.3838	0.4432	0.2614	0.3473	chr9:8524924-8528779
AF.0024762	0.6667	0.7692	0.8491	0.413	0.4746	0.1111	0.1705	0.0696	0.1667	0.09	0.1254	0.1496	0.1273	0.1228	0.1788	0.1769	0.178	chr4:113350227-113360897
SE.0001119	0	0	0	0.1429	0.2381	0.2308	0.1579	0.3333	0.1613	0.6471	0.7	0.3	0.4643	0.6667	0.6977	0.6111	0.6579	chr4:176163153-176168783
AF.0035389	0.4937	0.3267	0.4742	0.1538	0.175	0.0556	0.06	0.1702	0.1591	0.0698	0.0353	0.1803	0.1316	0.125	0.0385	0.1	0.1034	chr19:38710256-38714561
SE.0027467	0.1702	0.1429	0.1095	0.1045	0.0749	0.0968	0.1742	0.2025	0.2994	0.4302	0.4398	0.4051	0.5397	0.4675	0.3981	0.3947	0.4319	chr11:130135562-130140483
RI.0001116	0	0.1579	0.1563	0.45	0.2381	0.2	0.4167	0.2333	0.2105	0.2571	0.2419	0.9032	0.6	0.6522	0.6667	0.4615	0.4138	chr2:30146952-30148541
SE.0018000	1	1	1	0.8966	0.9664	0.7231	0.663	0.5546	0.6466	0.4078	0.3351	0.3924	0.3049	0.3291	0.3583	0.3455	0.3041	chr1:39427454-39429326
AF.0010586	0.6914	0.7577	0.7798	0.8062	0.8592	0.75	0.8485	0.4634	0.6875	0.3415	0.4884	0.5091	0.5435	0.4667	0.4571	0.5625	0.3434	chr15:63061197-63062277
SE.0037319	0	0.0556	0	0.0435	0.0909	0.1053	0.1212	0.2121	0.25	0.4688	0.3889	0.75	0.5556	0.5588	0.6786	0.7368	0.6875	chr6:127992672-127995538
SE.0035706	0	0	0	0	0.0392	0.08	0.2143	0.24	0.2917	0.5484	0.42	0.3333	0.2143	0.4828	0.3529	0.55	0.4255	chr6:128005083-128009172
RI.0000181	1	1	0.9	0.7059	0.9615	0.75	0.7143	0.7143	0.7027	0.5208	0.4878	0.75	0.3889	0.5588	0.5417	0.44	0.3448	chr12:56158683-56158940
AF.0006123	1	0.8493	0.8611	0.5161	0.5	0.8333	0.6923	0.8571	0.8182	1	0.8462	0.6667	0.6	0.7619	0.875	0.8462	0.8182	chr5:16711120-16738414
AF.0052677	1	1	1	1	0.9231	0.7647	0.7407	0.6111	0.5714	0.375	0.4231	0.6531	0.4865	0.3143	0.3125	0.4167	0.2	chrX:117945433-118116791
AF.0061290	1	1	1	0.7297	0.7561	0.6905	0.5775	0.7759	0.7627	0.9765	0.9074	0.9718	1	1	0.9245	1	1	chrX:138708817-139204271
AF.0047617	0	0	0	0.28	0.2424	0.381	0.4348	0.5758	0.5942	0.7273	0.626	0.6991	0.711	0.6957	0.6964	0.6875	0.6461	chr10:11005376-11165682
AL.0005741	1	0.8365	0.8322	0.5775	0.5913	0.4836	0.4389	0.4498	0.4	0.4227	0.3632	0.3259	0.413	0.2716	0.2552	0.2537	0.2862	chr6:163563419-163586755
AF.0039564	0.1429	0	0	0.1935	0.1	0.1538	0.2813	0.4	0.42	0.5714	0.4935	0.3854	0.4023	0.6197	0.434	0.5814	0.5574	chr22:50456588-50459392
AF.0049395	0.8883	0.7852	0.7035	0.7132	0.6818	0.5932	0.6535	0.5938	0.5211	0.4328	0.2523	0.3226	0.3902	0.3421	0.1842	0.2333	0.2963	chr14:21518207-21537382
A5.0004239	0.9	0.8	0.9286	0.4762	0.6818	0.4444	0.3889	0.4286	0.56	0.4595	0.3684	0.1875	0.2632	0.4211	0.5263	0.3333	0.3333	chr22:24098013-24113748
AF.0005121	1	1	1	0.7727	0.7379	0.5876	0.6471	0.4372	0.4375	0.3535	0.3838	0.6494	0.662	0.5071	0.4792	0.5525	0.4449	chr2:165517872-165595213
SE.0035874	0	0	0	0.0923	0.0583	0.2895	0.2375	0.3766	0.5522	0.6624	0.7059	0.678	0.7419	0.8082	0.8692	0.8056	0.7844	chr7:108234582-108240170
A5.0002591	0.7955	0.9464	0.8	1	0.9091	0.8485	0.8125	0.6724	0.6042	0.5455	0.5402	0.4	0.3226	0.2667	0.225	0.2692	0.1084	chrX:70454213-70479264
AF.0019996	NA	0	0	0	0	0.0435	0	0.1795	0.1429	0.3125	0.3333	0	0.186	0.1538	0.1143	0	0.1569	chr4:185775280-185894373
AF.0030195	0.2609	0.3279	0.3167	0.4507	0.4536	0.5294	0.5	0.3529	0.5227	0.3636	0.4717	0.589	0.6418	0.7193	0.5778	0.7907	0.7222	chr2:156435408-156476207
A3.0006383	0.0404	0.0638	0.0993	0.1875	0.115	0.2453	0.1207	0.3125	0.2794	0.3953	0.3765	0.2647	0.3375	0.2931	0.3276	0.3273	0.3434	chr4:75981371-75982037
A5.0001662	0.8344	0.7281	0.7004	0.6608	0.6076	0.4722	0.5786	0.4793	0.5591	0.4192	0.4659	0.6034	0.5337	0.442	0.578	0.3902	0.4198	chr12:98537474-98546447
SE.0023989	0	0	0	0.0208	0	0	0.0513	0	0.0588	0.2449	0.1159	0.4	0.1923	0.359	0.3548	0.1563	0.4474	chr10:73388311-73396583
AF.0039680	0.6633	0.3945	0.4056	0.1216	0.101	0.0814	0.1042	0.0629	0.0575	0.0509	0.0573	0.0271	0.0349	0.0312	0.0335	0.056	0.0392	chr9:128683699-128691227
AF.0032982	0.4567	0.5888	0.5812	0.6429	0.6162	0.5979	0.6977	0.8657	0.8564	0.7978	0.8259	0.8182	0.7812	0.7944	0.7951	0.8429	0.7934	chrX:54807707-54809376
RI.0015311	0.0737	0.0993	0.1652	0.2087	0.1628	0.0926	0.1261	0.1899	0.239	0.2772	0.2408	0.3627	0.2824	0.4194	0.3229	0.3558	0.4037	chr1:202724554-202730027
AF.0030488	1	0.9636	0.931	0.75	0.7407	0.3462	0.3043	0.3983	0.2403	0.2211	0.1507	0.2247	0.1387	0.1748	0.181	0.2268	0.1391	chr2:171707286-171715368
SE.0027016	0	0.0141	0.0385	0.0833	0.0933	0.25	0.3514	0.7222	0.3864	0.6875	0.7671	0.5873	0.7442	0.7083	0.6863	0.7321	0.7727	chr3:195294718-195295892
SE.0024686	1	1	1	0.92	0.9268	0.8148	0.88	0.6154	0.6333	0.4932	0.5294	0.4754	0.5714	0.3968	0.4211	0.5349	0.4242	chr7:105110279-105110868
SE.0039117	0	0.012	0.0952	0.087	0.05	0.5	0.4839	0.6471	0.6154	0.9302	0.8519	1	0.6486	0.925	0.8636	0.9333	0.9298	chr9:128609121-128611845
AF.0045717	0.1026	0.3529	0.3056	0.1429	0.1408	0.0882	0.2195	0.2143	0.1864	0.4	0.4957	0.2202	0.2362	0.25	0.3243	0.5333	0.518	chr10:32305771-32378798
AF.0018073	0.5417	0.0882	0.0556	0.1071	0.093	0	0.1034	0.35	0.2903	0.3158	0.4681	0.4074	0.6111	0.5818	0.5769	0.6087	0.7381	chr8:143938630-143975219
MX.0004462	0	0.0517	0.1042	0.3571	0.2021	0.4912	0.5057	0.6691	0.7273	0.8493	0.866	0.9397	0.8553	0.8875	0.8286	0.8729	0.9053	chr10:48420154-48426070
AF.0015487	1	1	1	0.7674	0.7297	0.6829	0.589	0.8	0.7627	0.9726	0.8925	0.9474	1	1	0.907	1	1	chrX:138708817-138857679
A3.0001741	1	0.9444	0.9643	0.7778	0.7333	0.5	0.5714	0.4737	0.3667	0.6	0.5882	0.2188	0.3947	0.4444	0.44	0.5	0.383	chr2:232567077-232574341
SE.0022155	0.3667	0.6286	0.5493	0.1644	0.2054	0.038	0.1707	0.1628	0.25	0.3391	0.5096	0.4574	0.5246	0.5392	0.5676	0.4756	0.5886	chr9:8492861-8499840
SE.0031829	1	0.95	1	0.8824	0.8919	0.8667	0.8235	0.6061	0.6216	0.4583	0.4923	0.2687	0.3036	0.3559	0.4167	0.3077	0.2917	chr15:73289145-73298611
SE.0032931	0.0502	0.0171	0.0387	0.0694	0.1042	0.0114	0.0972	0.2353	0.1866	0.3146	0.1739	0.2289	0.3814	0.266	0.3333	0.4156	0.39	chrX:154354824-154357623
MSE.0015977	0	0.0833	0	0	0.0303	0	0.0769	0.1923	0.3478	0.2105	0.3333	0.3455	0.3774	0.0952	0.1379	0.3889	0.4	chrX:132625961-132957326
AL.0012375	1	0.9787	1	0.8286	0.9362	0.8	0.72	0.5882	0.6842	0.475	0.5789	0.3774	0.2979	0.3462	0.4	0.3704	0.2727	chr2:62831018-62859291
SE.0023172	0.3548	0.6129	0.3824	0.3158	0.119	0	0	0	0.0385	0	0.0222	0	0.0357	0	0	0	0.0339	chr1:162590322-162597858
A5.0002345	0	0.027	0	0.0233	0.0448	0.1892	0.1167	0.2639	0.1803	0.4	0.3782	0.1228	0.3051	0.2667	0.2973	0.2679	0.3828	chr12:76410563-76450988
AF.0060975	0	0	0	0.1081	0.0488	0	0.1667	0.2766	0.3902	0.381	0.5361	0.4351	0.5227	0.3889	0.4286	0.4444	0.5818	chr3:12941570-13047450
A3.0008236	0.2381	0.2636	0.2897	0.4286	0.3716	0.5826	0.6041	0.6914	0.7007	0.8133	0.798	0.7863	0.7898	0.7969	0.8383	0.7965	0.7996	chr1:10277985-10282533
AF.0021899	0.3333	0.5758	0.641	0.6889	0.6909	0.3182	0.55	0.5	0.6667	0.4545	0.5	0.6374	0.4565	0.2195	0.2903	0.25	0.4026	chr4:39045059-39076147
RI.0009785	0.2193	0.3162	0.33	0.3181	0.3475	0.3099	0.3017	0.252	0.2829	0.3157	0.4017	0.3454	0.3759	0.515	0.5107	0.5714	0.5499	chr17:57990881-58005973
AF.0020049	0.84	0.6957	0.7333	0.5333	0.5122	0.6875	0.44	0.65	0.6	0.375	0.2955	0.1852	0.25	0.1786	0.1765	0.2667	0.3137	chr13:36335020-36346798
SE.0022202	0.1176	0.1429	0.04	0.1786	0.0333	0.125	0.2273	0.2778	0.3462	0.4333	0.5636	0.25	0.5172	0.5238	0.4773	0.3793	0.4554	chr10:27219722-27223452
A3.0003599	0.1667	0.0741	0.1176	0.3103	0.25	0.5714	0.2647	0.4848	0.4483	0.3529	0.6	0.4043	0.4286	0.5769	0.7333	0.65	0.6304	chr5:886591-887471
AF.0058662	0.976	0.9661	0.9934	0.989	0.9881	0.9107	0.8774	0.7677	0.8705	0.7202	0.6934	0.5517	0.6579	0.5986	0.6549	0.6273	0.6953	chr2:74377999-74392023
SE.0009471	0	0	0.0417	0.2857	0.2308	0.4286	0.4	0.6667	0.5556	0.8824	0.8169	0.8523	0.88	0.925	0.9016	0.9636	0.9138	chr6:29608600-29611001
AF.0037887	1	1	0.8824	0.0476	0.16	0.037	0	0.0526	0.0294	0.1429	0.2083	1	0.3333	0.3333	0.4	0.5714	0.5	chr6:136421700-136550819
RI.0002990	0.7333	0.7333	0.625	0.6286	0.6111	0.3043	0.3542	0.2105	0.3243	0.2063	0.1294	0.163	0.2364	0.2281	0.3182	0.2571	0.2584	chr8:143586728-143590081
SE.0015451	0.08	0.0256	0	0.0588	0.1395	0.12	0.1818	0.2973	0.125	0.225	0.25	0.4694	0.2292	0.3714	0.45	0.2727	0.3333	chr9:125332509-125337095
SE.0029261	0.6875	0.5217	0.625	0.7674	0.8333	0.9412	0.9565	0.8286	0.8485	0.8293	0.875	0.8333	0.8537	0.8333	0.7857	0.7941	0.8214	chr6:138921063-138929997
SE.0035626	0.319	0.3119	0.3196	0.7391	0.6863	1	0.8	0.8462	0.8182	0.9714	0.94	0.8529	0.8	0.8696	1	1	0.8846	chr8:73026939-73032133
SE.0031885	0.0169	0.0444	0.0351	0.1333	0.1698	0.1667	0.1563	0.2895	0.3077	0.4	0.3333	0.3684	0.3519	0.4118	0.3182	0.25	0.3714	chr17:40033344-40035349
RI.0001125	0.0408	0.0714	0.2388	0.3415	0.3043	0.3143	0.5588	0.2459	0.2338	0.2121	0.2959	0.087	0.2583	0.55	0.5156	0.3651	0.3173	chr10:100912954-100916042
SE.0020670	0	0	0.0317	0.1757	0.1545	0.3333	0.3284	0.2653	0.268	0.2903	0.3409	0.5385	0.4219	0.3933	0.2921	0.3333	0.3935	chr4:55411613-55417247
SE.0039122	0.9063	0.9259	0.942	0.726	0.6842	0.6711	0.7156	0.7394	0.6642	0.6045	0.7008	0.5503	0.5034	0.5548	0.5846	0.5633	0.6432	chr3:27404829-27411748
RI.0008165	0.0952	0.1961	0.2167	0.3521	0.4105	0.3636	0.5342	0.3125	0.4286	0.4302	0.5439	0.3434	0.5077	0.6429	0.6543	0.5968	0.6423	chr8:132811045-132814889
SE.0033148	1	0.48	0.6122	0.4118	0.4925	0.3958	0.3611	0.3217	0.2895	0.2469	0.2392	0.2807	0.1232	0.1742	0.0769	0.1092	0.1097	chr4:113373284-113383753
AF.0012239	0.1471	0.1169	0.1404	0.1875	0.2553	0.6087	0.3333	0.2308	0.4412	0.6552	0.6613	0.8824	0.7407	0.8214	0.7333	1	0.8108	chr1:37891357-37932053
SE.0037692	0.7333	0.8095	0.7209	0.6719	0.7901	0.7111	0.6462	0.5663	0.3721	0.2621	0.3506	0.3621	0.2667	0.303	0.2609	0.3448	0.226	chr17:31248983-31258502
AF.0001744	0.5918	0.7	0.5818	0.2955	0.14	0.1429	0.1186	0.0714	0.1136	0.1563	0.1714	0.0909	0.2051	0.5263	0.4118	0.625	0.4545	chr4:16075686-16084298
RI.0006358	0.1389	0.2853	0.2286	0.358	0.3611	0.4563	0.4231	0.377	0.2959	0.3873	0.4429	0.3861	0.3529	0.4741	0.5556	0.5065	0.5464	chr17:76730687-76736464
SE.0015505	0	0	0	0.05	0	0.125	0.1	0.1667	0.2727	0.1	0.2	0.4655	0.375	0.3333	0.1667	0.25	0.3509	chr3:184316131-184317497
MSE.0010934	0	0	0	0.0976	0.1094	0.1905	0.4348	0.4423	0.3529	0.6027	0.6596	0.6087	0.7143	0.5085	0.6471	0.5818	0.6271	chr1:86724312-86734691
AF.0050621	0.3419	0.5447	0.4105	0.1712	0.104	0.1705	0.0845	0.1103	0.0822	0.095	0.1407	0.1803	0.2222	0.075	0.1058	0.1294	0.0607	chr9:106860136-106923603
AF.0010341	1	0.973	1	0.9767	0.9552	0.8108	0.8833	0.7361	0.8197	0.6	0.6218	0.8772	0.6949	0.7333	0.7027	0.7321	0.6172	chr12:76410563-76450979
AL.0013304	0.3718	0.6667	0.7184	0.8929	0.9134	0.8966	0.8046	0.9397	0.9398	0.9615	0.9394	0.9221	0.9007	0.8931	0.9189	0.9158	0.8878	chr7:23125047-23140784
SE.0005729	0.2549	0.4032	0.3065	0.6418	0.5842	0.7167	0.6623	0.7273	0.6452	0.7083	0.75	0.5556	0.6283	0.785	0.7941	0.7767	0.7714	chr15:25405460-25409207
SE.0013933	0.7273	0.9375	0.7391	0.913	0.8846	0.7778	0.625	0.7778	0.7419	0.5294	0.4918	0.5439	0.4328	0.4103	0.3333	0.3636	0.2817	chr1:156951572-156955799
AF.0050990	0.5517	0.449	0.2909	0.8667	0.5714	0.8571	0.9	1	0.8636	0.88	0.9091	1	0.8947	0.8421	0.9444	0.7407	0.7931	chr11:19984124-20036097
SE.0021285	0.8824	0.9167	0.875	0.56	0.5333	0.5385	0.4286	0.4286	0.5	0.3778	0.5098	0.5484	0.4074	0.5556	0.375	0.5714	0.5152	chr22:30019479-30022697
RI.0005637	0.1818	0.619	0.5152	0.7353	0.64	0.56	0.5976	0.4138	0.405	0.25	0.3673	0.2222	0.2637	0.2663	0.2803	0.319	0.3206	chr9:128592982-128594373
AL.0018354	1	1	1	0.973	0.9537	0.8696	0.8415	0.8462	0.8169	0.7292	0.7179	0.5833	0.6538	0.5741	0.7416	0.5402	0.5901	chr5:115902884-115916478
AF.0052961	0.9722	0.98	0.9636	0.8462	0.7609	0.8261	0.5455	0.9444	0.8077	0.6912	0.75	0.7288	0.8364	0.5538	0.7	0.6667	0.6667	chrX:63724531-63785524
AF.0048067	0	0	0.023	0.125	0.2667	0.6	0.5667	0.5435	0.5652	0.4366	0.3511	0.4103	0.3766	0.5116	0.3333	0.3889	0.5366	chrX:24618984-24673078
RI.0030116	0	0.0833	0.1311	0.4118	0.3448	0.6207	0.58	0.7093	0.4884	0.8406	0.7706	0.6438	0.8378	0.7966	0.8649	0.7857	0.7582	chr2:1653627-1654508
SE.0013100	0	0.0101	0.0108	0.02	0.0206	0	0.1296	0.0877	0.0943	0.2059	0.2018	0.2	0.2603	0.2333	0.1569	0.25	0.4051	chr16:24804176-24805151
AF.0055164	0.2137	0.2384	0.2754	0.5263	0.4911	0.6042	0.589	0.6	0.6364	0.5556	0.5775	0.7872	0.6962	0.6207	0.7536	0.6753	0.6929	chr10:63264650-63380482
A5.0003647	0.0357	0.0862	0.1571	0.1842	0.1081	0.1379	0.1395	0.3519	0.2195	0.5323	0.4667	0.3617	0.4643	0.64	0.5833	0.5143	0.5333	chr12:6863185-6863973
AF.0003776	1	0.7895	0.6957	0.9375	0.9426	0.4706	0.6429	0.48	0.2778	0.1429	0.1538	0.1274	0.1308	0.0456	0.0186	0.0635	0.0904	chr9:70864431-71121784
AL.0019548	1	1	0.9643	0.8824	0.7419	0.375	0.5926	0.4048	0.3846	0.1176	0.1818	0.2	0.0806	0.2353	0.1944	0.2	0.0777	chr13:111288353-111300847
AF.0024039	0.1656	0.2719	0.2996	0.3392	0.3924	0.5278	0.4214	0.5207	0.4409	0.5808	0.5341	0.3966	0.4663	0.558	0.422	0.6098	0.5802	chr12:98537474-98546447
AF.0023772	0.8684	0.8286	0.8966	0.7576	0.6346	0.4091	0.4894	0.5862	0.5128	0.383	0.4717	0.5926	0.2963	0.4063	0.4483	0.6667	0.549	chr2:36558437-36578832
SE.0018233	0.8958	0.8772	0.9216	0.7949	0.8511	0.5185	0.5909	0.3778	0.5161	0.234	0.4444	0.1481	0.2903	0.3784	0.4	0.6087	0.6207	chr3:168036835-168041474
AF.0033287	0.9167	0.9306	0.9773	0.967	0.956	0.8846	0.9167	0.8085	0.7308	0.5926	0.5132	0.7882	0.55	0.5	0.5417	0.4286	0.3814	chrX:136208454-136209954
MSE.0011092	0	0	0	0.0753	0.0559	0.1375	0.1982	0.3176	0.2422	0.5152	0.5377	0.4595	0.403	0.4659	0.4146	0.4396	0.4696	chr15:62023410-62033542
SE.0037186	0	0.0667	0.2143	0.1	0.1852	0.2857	0.2609	0.3939	0.5806	0.5122	0.6154	0.6667	0.7188	0.5882	0.45	0.9333	0.9524	chrX:85245902-85247651
AF.0045684	1	0.9697	0.9818	0.8514	0.93	0.807	0.8824	0.8586	0.7265	0.694	0.8301	0.7877	0.6893	0.5938	0.7308	0.7069	0.7143	chr22:28306495-28629830
SE.0023019	0	0.0714	0.0263	0.4167	0.3409	0.6071	0.4821	0.4583	0.5758	0.7065	0.6882	0.732	0.8438	0.8769	0.6471	0.7368	0.8641	chr3:65383531-65391358
AF.0012509	0	0.1132	0.1444	0.2636	0.307	0.2603	0.3684	0.1789	0.2535	0.2456	0.3254	0.2165	0.2194	0.3341	0.2771	0.3512	0.4034	chr20:37521053-37526188
SE.0017765	0	0.027	0.0149	0.1667	0.25	0.2	0.3333	0.5517	0.5	0.5455	0.7143	0.3409	0.6538	0.875	0.35	0.3333	0.5128	chr11:46659391-46665519
MSE.0010515	0.8966	0.7143	0.9091	0.6842	0.8462	0.7692	0.6	0.5556	0.5385	0.5263	0.5333	0.4375	0.4	0.4615	0.4615	0.7692	0.5926	chr7:45103332-45105669
SE.0005980	0.25	0.1053	0.2568	0.1795	0.1923	0.3548	0.3305	0.5425	0.4686	0.6471	0.5863	0.7342	0.6615	0.665	0.6436	0.6802	0.6516	chr9:128591476-128594373
AF.0046444	0.9167	1	1	1	0.8571	1	1	0.8571	0.7778	0.4167	0.36	0.4907	0.6512	0.5238	0.6786	0.75	0.7	chr17:17820404-17837002
AF.0060709	NA	1	1	0.7097	0.8704	0.2692	0.3091	0.4038	0.5278	0.475	0.5833	0.4615	0.3103	0.3939	0.4167	0.5	0.34	chr6:89433144-89567096
A3.0005771	0.1649	0.2182	0.197	0.2941	0.18	0.3571	0.2766	0.25	0.2917	0.3387	0.4	0.5037	0.4364	0.4545	0.4286	0.5714	0.4779	chr19:46727451-46728007
AL.0027397	0.9797	0.9633	0.9536	0.8863	0.9024	0.7284	0.7196	0.6774	0.6891	0.5969	0.5646	0.7306	0.6646	0.6231	0.6328	0.5984	0.5876	chr15:72202532-72206798
AF.0063340	0.1164	0.2455	0.2099	0.4103	0.413	0.6667	0.6496	0.7	0.6514	0.7818	0.7723	0.7561	0.8927	0.8721	0.9276	0.8614	0.9218	chr2:54526371-54599243
AL.0030888	0.8846	0.8933	0.8889	0.7377	0.6711	0.8438	0.6471	0.6296	0.5667	0.6988	0.5283	0.6078	0.5417	0.4531	0.439	0.4444	0.44	chr11:3360477-3371070
AF.0014085	0.4031	0.6028	0.6306	0.35	0.3091	0.4833	0.2689	0.168	0.2319	0.1322	0.14	0.0882	0.2771	0.1727	0.2167	0.1905	0.102	chrX:47190746-47198919
RI.0007868	1	0.9655	0.7083	0.9697	0.8852	0.8857	0.8909	0.8108	0.7179	0.6698	0.6781	0.6893	0.7262	0.7283	0.7826	0.5915	0.6	chrX:85246929-85247651
AF.0039729	0	0	0	0	0.0714	0.0476	0.1667	0.0556	0.2647	0.1702	0.1	0.1084	0.3	0.5111	0.5	0.7059	0.6933	chr3:12941570-13073435
SE.0002081	0	0	0	0.037	0.0506	0.04	0.16	0.2111	0.1795	0.3796	0.2847	0.255	0.4286	0.5537	0.4923	0.5862	0.6988	chr9:135862466-135866536
AF.0008055	0.1556	0.209	0.1774	0.5263	0.5	0.8667	0.6667	0.7568	0.6176	0.6216	0.7586	0.6429	0.3478	0.8	0.8214	0.8	0.7188	chrX:123960548-124022671
SE.0034873	0.1111	0.4242	0.4286	0.6111	0.5714	0.6452	0.7333	0.8333	0.7381	0.8608	0.8421	0.9815	0.7941	0.9294	0.918	0.9615	0.958	chr4:122274342-122279981
SE.0032276	0.1346	0	0	0.0357	0.0303	0.15	0.025	0.1111	0.1064	0.2571	0.3511	0.3373	0.25	0.3488	0.2308	0.375	0.4925	chr1:43598719-43603533
RI.0024960	0.2909	0.2393	0.2486	0.3092	0.4094	0.2254	0.256	0.4072	0.3677	0.3617	0.4386	0.2945	0.4536	0.5126	0.4552	0.6256	0.5848	chr2:70229058-70229318
SE.0004424	0	0	0.0476	0.1	0.0488	0.2222	0.2963	0.5806	0.4722	0.7727	0.7021	0.5385	0.66	0.8333	0.875	0.7	0.8169	chr3:52679573-52682233
AL.0033349	0.9459	0.7049	0.7826	0.8519	0.6	0.6667	0.5833	0.4444	0.6842	0.6304	0.4651	0.25	0.1786	0.5	0.5938	0.5625	0.5476	chr14:52708763-52711168
AF.0044089	1	0.9811	1	0.9318	0.9589	0.9063	0.9559	0.8387	0.7903	0.4127	0.5802	0.75	0.4921	0.4468	0.3902	0.4545	0.5	chr15:85585701-85639449
SE.0003074	0.4741	0.5122	0.4819	0.8571	0.9333	0.8333	0.8261	0.75	0.8356	0.872	0.8261	0.8315	0.8421	0.9038	0.9167	0.8214	0.8767	chr5:84180392-84254212
SE.0018933	0	0	0	0.2609	0.1053	0.8889	0.7273	0.9412	0.9333	0.9677	0.9444	0.8462	0.9773	1	0.9286	0.9655	0.9344	chr20:36194211-36198041
MX.0002537	0.9714	0.8667	0.9048	0.7368	0.7869	0.5417	0.5313	0.5385	0.5	0.1481	0.439	0	0.3871	0.3	0.375	0.1818	0.3235	chr3:197069218-197081117
AF.0051696	1	1	0.9375	0.7073	0.8657	0.5342	0.5647	0.7848	0.7416	0.4733	0.5051	0.5181	0.5412	0.4696	0.4405	0.4444	0.4476	chr5:131521389-131548190
SE.0017350	0.3333	0.1875	0.1538	0.1667	0.1935	0.3529	0.3214	0.5111	0.5	0.5909	0.5915	0.4505	0.5588	0.5469	0.5405	0.6	0.5846	chr7:74364254-74376822
SE.0035461	0.0556	0.0968	0.1481	0.4048	0.3387	0.619	0.6429	0.9206	0.7869	0.9153	0.9366	0.8916	0.9286	0.8496	0.8734	0.9091	0.8448	chr10:60080536-60082737
SE.0010452	0.9655	0.4915	0.6087	0.0556	0.0556	0	0	0.0476	0	0	0.0588	0	0.1538	0.04	0.037	0	0.0222	chr3:58138281-58142752
AF.0000579	0.8833	0.8429	0.9032	0.7391	0.7643	0.6667	0.6818	0.4719	0.549	0.4364	0.4098	0.6473	0.5846	0.4532	0.4286	0.3662	0.3921	chr5:112707511-112755025
MX.0003090	1	1	1	0.9912	0.9846	1	0.9802	0.9426	0.9057	0.9106	0.8647	0.814	0.6727	0.7385	0.7931	0.6316	0.6607	chr1:154170648-154172978
SE.0032780	0.3232	0.5472	0.4344	0.7647	0.6596	0.7937	0.693	0.8644	0.7823	0.7834	0.7906	0.7879	0.8617	0.803	0.8472	0.8652	0.865	chr2:229858771-229880128
SE.0002091	0	0.1026	0.1053	0.1739	0.3182	0.5455	0.5385	0.8333	0.6667	0.8871	0.8382	0.92	0.8605	0.8333	0.7778	0.85	0.8043	chr6:70773349-70798737
AF.0025179	0.129	0.2222	0.2602	0.2638	0.2813	0.2903	0.2929	0.3636	0.3478	0.438	0.4957	0.3487	0.3956	0.4925	0.5408	0.4935	0.5372	chr1:20779811-20787312
SE.0009320	0.15	0.5349	0.5938	0.52	0.5484	0.2857	0.7222	0.5	0.7619	0.8621	0.9545	0.6667	0.9091	0.8182	0.8889	0.9	0.8235	chrX:65524055-65525050
SE.0021991	0.2425	0.2472	0.2791	0.376	0.2941	0.3596	0.3736	0.3503	0.3966	0.4134	0.467	0.5854	0.5419	0.5556	0.6312	0.5077	0.5184	chr11:130122304-130126830
AF.0040734	0	0.1667	0.2571	0.2821	0.5	0.5333	0.3529	0.6667	0.6061	0.619	0.575	0.359	0.3846	0.6579	0.4348	0.7619	0.6923	chr4:15478722-15480827
AF.0019538	0.9524	0.938	0.9789	0.9273	0.9531	1	0.8333	0.7692	0.75	0.7436	0.575	0.9773	0.8947	0.5667	0.7692	0.6071	0.5417	chr9:111451424-111484357
AL.0025279	0.5455	0.5385	0.5	0.7069	0.7217	0.8966	0.7826	0.7742	0.7193	0.8475	0.8442	0.8372	0.8033	0.9063	0.8913	0.7105	0.8023	chr10:125833771-125843298
SE.0024133	0	0	0	0.1176	0.028	0.2778	0.24	0.2609	0.3067	0.5	0.5678	0.5161	0.5424	0.6636	0.6437	0.6463	0.6559	chrX:41609903-41626703
AF.0035319	0.791	0.6933	0.8167	0.5349	0.6515	0.5333	0.4222	0.1379	0.3276	0.2295	0.2588	0.1579	0.0682	0.3559	0.3571	0.3143	0.2603	chr16:24791486-24794719
SE.0006750	1	1	1	0.7941	0.86	0.4286	0.5128	0.6727	0.64	0.5238	0.4457	0.5357	0.6379	0.4762	0.3929	0.4167	0.4706	chr6:56460130-56463764
AF.0047570	1	0.9048	0.9091	0.7179	0.8642	0.68	0.7213	0.5135	0.6316	0.4597	0.6074	0.5794	0.4262	0.4779	0.4128	0.4459	0.5049	chr22:35938846-36028486
AL.0019735	0.75	0.4054	0.5938	0.1935	0.4118	0.5	0.3333	0.15	0.3214	0.04	0.1071	0	0.1923	0	0.1667	0.1429	0.0313	chr5:138156896-138160173
AL.0033074	0.8571	0.8824	0.9375	0.4634	0.4912	0.1091	0.1829	0.0635	0.1985	0.0876	0.1522	0.1293	0.1818	0.1243	0.2077	0.1793	0.198	chr4:113350227-113360897
AF.0023973	0.9773	0.9268	0.8718	0.7	0.7576	0.7143	0.5517	0.6	0.75	0.5789	0.56	1	0.7241	0.7407	0.65	0.8846	0.8049	chr3:57890056-57896591
AF.0033130	1	1	1	0.9333	0.9643	1	0.7727	0.6	0.875	0.64	0.5556	0.6538	0.45	0.5909	0.4286	0.5294	0.561	chr8:19845703-19851674
AL.0031407	0	0	0	0.0303	0.05	0.1071	0.1224	0.2364	0.1525	0.2544	0.3435	0.2941	0.2405	0.3158	0.3951	0.3836	0.4292	chr14:26448733-26480143
AL.0016356	0	0.06	0.0308	0.0968	0.24	0.2308	0.2188	0.3611	0.4048	0.25	0.4308	0.0172	0.1277	0.1915	0.1316	0.25	0.2603	chr12:4685258-4726829
SE.0005490	0.6061	0.6667	0.7143	0.4643	0.4667	0.3077	0.55	0.303	0.4737	0.4063	0.3455	0.3519	0.375	0.2432	0.2222	0.3529	0.3509	chr17:46038537-46039884
SE.0031309	0	0.025	0.0769	0.1053	0.0833	0.1786	0.2414	0.4792	0.475	0.7325	0.7004	0.8819	0.787	0.7643	0.7547	0.9136	0.8205	chr7:108189644-108191853
SE.0031474	0	0.0256	0.0851	0.2549	0.1786	0.537	0.3571	0.4628	0.4957	0.6078	0.6746	0.6218	0.6202	0.6163	0.6529	0.5532	0.6398	chr10:24619472-24630050
AL.0013186	0.3492	0.3154	0.3176	0.5631	0.5608	0.7162	0.5745	0.5842	0.6182	0.6375	0.6524	0.7153	0.7387	0.8091	0.6827	0.6923	0.6943	chr5:70026406-70045117
SE.0026558	0	0.0588	0.0303	0.0857	0.058	0.122	0.1029	0.234	0.2754	0.3737	0.3659	0.2927	0.3387	0.5	0.463	0.6329	0.5766	chr12:39342033-39351980
MSE.0012720	0	0	0	0.0556	0.0741	0.25	0.2813	0.1667	0.25	0.3889	0.3654	0.2958	0.4595	0.5	0.4324	0.375	0.3692	chr1:1051727-1053977
RI.0007800	0.8333	0.8846	0.5357	0.8	0.5417	0.375	0.5217	0.625	0.5556	0.2727	0.2857	0.04	0.2857	0.4583	0.4118	0.3684	0.3793	chr19:57861284-57862158
AF.0005245	0.1471	0.2055	0.0855	0.2778	0.259	0.3	0.3529	0.2394	0.4423	0.2692	0.4146	0.7347	0.4717	0.3175	0.4186	0.4474	0.4151	chr3:142005440-142093127
AF.0033924	1	1	1	0.9394	0.9535	1	0.8	0.9167	0.8696	0.6429	0.6579	0.7176	0.6552	0.5185	0.6316	0.6667	0.4634	chr11:118639161-118643940
